agents,utilities
"('EntropySHUCTAnytime' / 'SHUCTAnyTime')","1.0;-1.0"
"('EntropySHUCTAnytime' / 'SHUCTAnyTime')","-1.0;1.0"
"('EntropySHUCTAnytime' / 'SHUCTAnyTime')","1.0;-1.0"
"('EntropySHUCTAnytime' / 'SHUCTAnyTime')","1.0;-1.0"
"('EntropySHUCTAnytime' / 'SHUCTAnyTime')","-1.0;1.0"
"('EntropySHUCTAnytime' / 'SHUCTAnyTime')","1.0;-1.0"
"('EntropySHUCTAnytime' / 'SHUCTAnyTime')","-1.0;1.0"
"('EntropySHUCTAnytime' / 'SHUCTAnyTime')","1.0;-1.0"
"('EntropySHUCTAnytime' / 'SHUCTAnyTime')","-1.0;1.0"
"('EntropySHUCTAnytime' / 'SHUCTAnyTime')","-1.0;1.0"
"('EntropySHUCTAnytime' / 'SHUCTAnyTime')","-1.0;1.0"
"('EntropySHUCTAnytime' / 'SHUCTAnyTime')","1.0;-1.0"
"('EntropySHUCTAnytime' / 'SHUCTAnyTime')","-1.0;1.0"
"('EntropySHUCTAnytime' / 'SHUCTAnyTime')","1.0;-1.0"
"('EntropySHUCTAnytime' / 'SHUCTAnyTime')","1.0;-1.0"
"('EntropySHUCTAnytime' / 'SHUCTAnyTime')","-1.0;1.0"
"('EntropySHUCTAnytime' / 'SHUCTAnyTime')","1.0;-1.0"
"('EntropySHUCTAnytime' / 'SHUCTAnyTime')","-1.0;1.0"
"('EntropySHUCTAnytime' / 'SHUCTAnyTime')","1.0;-1.0"
"('EntropySHUCTAnytime' / 'SHUCTAnyTime')","1.0;-1.0"
"('EntropySHUCTAnytime' / 'SHUCTAnyTime')","-1.0;1.0"
"('EntropySHUCTAnytime' / 'SHUCTAnyTime')","1.0;-1.0"
"('EntropySHUCTAnytime' / 'SHUCTAnyTime')","1.0;-1.0"
"('EntropySHUCTAnytime' / 'SHUCTAnyTime')","1.0;-1.0"
"('EntropySHUCTAnytime' / 'SHUCTAnyTime')","1.0;-1.0"
"('EntropySHUCTAnytime' / 'SHUCTAnyTime')","1.0;-1.0"
"('EntropySHUCTAnytime' / 'SHUCTAnyTime')","-1.0;1.0"
"('EntropySHUCTAnytime' / 'SHUCTAnyTime')","1.0;-1.0"
"('EntropySHUCTAnytime' / 'SHUCTAnyTime')","-1.0;1.0"
"('EntropySHUCTAnytime' / 'SHUCTAnyTime')","1.0;-1.0"
"('EntropySHUCTAnytime' / 'SHUCTAnyTime')","-1.0;1.0"
"('EntropySHUCTAnytime' / 'SHUCTAnyTime')","1.0;-1.0"
"('EntropySHUCTAnytime' / 'SHUCTAnyTime')","1.0;-1.0"
"('EntropySHUCTAnytime' / 'SHUCTAnyTime')","-1.0;1.0"
"('EntropySHUCTAnytime' / 'SHUCTAnyTime')","-1.0;1.0"
"('EntropySHUCTAnytime' / 'SHUCTAnyTime')","-1.0;1.0"
"('EntropySHUCTAnytime' / 'SHUCTAnyTime')","1.0;-1.0"
"('EntropySHUCTAnytime' / 'SHUCTAnyTime')","-1.0;1.0"
"('EntropySHUCTAnytime' / 'SHUCTAnyTime')","1.0;-1.0"
"('EntropySHUCTAnytime' / 'SHUCTAnyTime')","1.0;-1.0"
"('EntropySHUCTAnytime' / 'SHUCTAnyTime')","1.0;-1.0"
"('EntropySHUCTAnytime' / 'SHUCTAnyTime')","1.0;-1.0"
"('EntropySHUCTAnytime' / 'SHUCTAnyTime')","1.0;-1.0"
"('EntropySHUCTAnytime' / 'SHUCTAnyTime')","1.0;-1.0"
"('EntropySHUCTAnytime' / 'SHUCTAnyTime')","-1.0;1.0"
"('EntropySHUCTAnytime' / 'SHUCTAnyTime')","-1.0;1.0"
"('EntropySHUCTAnytime' / 'SHUCTAnyTime')","-1.0;1.0"
"('EntropySHUCTAnytime' / 'SHUCTAnyTime')","-1.0;1.0"
"('EntropySHUCTAnytime' / 'SHUCTAnyTime')","-1.0;1.0"
"('EntropySHUCTAnytime' / 'SHUCTAnyTime')","1.0;-1.0"
"('SHUCTAnyTime' / 'EntropySHUCTAnytime')","1.0;-1.0"
"('SHUCTAnyTime' / 'EntropySHUCTAnytime')","-1.0;1.0"
"('SHUCTAnyTime' / 'EntropySHUCTAnytime')","-1.0;1.0"
"('SHUCTAnyTime' / 'EntropySHUCTAnytime')","-1.0;1.0"
"('SHUCTAnyTime' / 'EntropySHUCTAnytime')","1.0;-1.0"
"('SHUCTAnyTime' / 'EntropySHUCTAnytime')","1.0;-1.0"
"('SHUCTAnyTime' / 'EntropySHUCTAnytime')","1.0;-1.0"
"('SHUCTAnyTime' / 'EntropySHUCTAnytime')","-1.0;1.0"
"('SHUCTAnyTime' / 'EntropySHUCTAnytime')","1.0;-1.0"
"('SHUCTAnyTime' / 'EntropySHUCTAnytime')","-1.0;1.0"
"('SHUCTAnyTime' / 'EntropySHUCTAnytime')","1.0;-1.0"
"('SHUCTAnyTime' / 'EntropySHUCTAnytime')","1.0;-1.0"
"('SHUCTAnyTime' / 'EntropySHUCTAnytime')","1.0;-1.0"
"('SHUCTAnyTime' / 'EntropySHUCTAnytime')","-1.0;1.0"
"('SHUCTAnyTime' / 'EntropySHUCTAnytime')","1.0;-1.0"
"('SHUCTAnyTime' / 'EntropySHUCTAnytime')","-1.0;1.0"
"('SHUCTAnyTime' / 'EntropySHUCTAnytime')","-1.0;1.0"
"('SHUCTAnyTime' / 'EntropySHUCTAnytime')","-1.0;1.0"
"('SHUCTAnyTime' / 'EntropySHUCTAnytime')","1.0;-1.0"
"('SHUCTAnyTime' / 'EntropySHUCTAnytime')","1.0;-1.0"
"('SHUCTAnyTime' / 'EntropySHUCTAnytime')","1.0;-1.0"
"('SHUCTAnyTime' / 'EntropySHUCTAnytime')","-1.0;1.0"
"('SHUCTAnyTime' / 'EntropySHUCTAnytime')","-1.0;1.0"
"('SHUCTAnyTime' / 'EntropySHUCTAnytime')","-1.0;1.0"
"('SHUCTAnyTime' / 'EntropySHUCTAnytime')","-1.0;1.0"
"('SHUCTAnyTime' / 'EntropySHUCTAnytime')","-1.0;1.0"
"('SHUCTAnyTime' / 'EntropySHUCTAnytime')","-1.0;1.0"
"('SHUCTAnyTime' / 'EntropySHUCTAnytime')","-1.0;1.0"
"('SHUCTAnyTime' / 'EntropySHUCTAnytime')","-1.0;1.0"
"('SHUCTAnyTime' / 'EntropySHUCTAnytime')","1.0;-1.0"
"('SHUCTAnyTime' / 'EntropySHUCTAnytime')","-1.0;1.0"
"('SHUCTAnyTime' / 'EntropySHUCTAnytime')","-1.0;1.0"
"('SHUCTAnyTime' / 'EntropySHUCTAnytime')","-1.0;1.0"
"('SHUCTAnyTime' / 'EntropySHUCTAnytime')","1.0;-1.0"
"('SHUCTAnyTime' / 'EntropySHUCTAnytime')","1.0;-1.0"
"('SHUCTAnyTime' / 'EntropySHUCTAnytime')","1.0;-1.0"
"('SHUCTAnyTime' / 'EntropySHUCTAnytime')","-1.0;1.0"
"('SHUCTAnyTime' / 'EntropySHUCTAnytime')","-1.0;1.0"
"('SHUCTAnyTime' / 'EntropySHUCTAnytime')","1.0;-1.0"
"('SHUCTAnyTime' / 'EntropySHUCTAnytime')","1.0;-1.0"
"('SHUCTAnyTime' / 'EntropySHUCTAnytime')","1.0;-1.0"
"('SHUCTAnyTime' / 'EntropySHUCTAnytime')","1.0;-1.0"
"('SHUCTAnyTime' / 'EntropySHUCTAnytime')","-1.0;1.0"
"('SHUCTAnyTime' / 'EntropySHUCTAnytime')","1.0;-1.0"
"('SHUCTAnyTime' / 'EntropySHUCTAnytime')","-1.0;1.0"
"('SHUCTAnyTime' / 'EntropySHUCTAnytime')","1.0;-1.0"
"('SHUCTAnyTime' / 'EntropySHUCTAnytime')","1.0;-1.0"
"('SHUCTAnyTime' / 'EntropySHUCTAnytime')","1.0;-1.0"
"('SHUCTAnyTime' / 'EntropySHUCTAnytime')","-1.0;1.0"
"('SHUCTAnyTime' / 'EntropySHUCTAnytime')","1.0;-1.0"
